{
  "energy_eV": 2.3393,
  "energy_J": 3.7479717999162e-19,
  "wavelength_nm": 530.0055505202422,
  "constants": {
    "h": 6.62607015e-34,
    "c": 299792458.0,
    "e": 1.602176634e-19
  }
}