{
  "energy_eV": 2.4893,
  "energy_J": 3.9882982950161996e-19,
  "wavelength_nm": 498.068527028483,
  "constants": {
    "h": 6.62607015e-34,
    "c": 299792458.0,
    "e": 1.602176634e-19
  }
}