{
  "energy_eV": 2.1893,
  "energy_J": 3.5076453048161994e-19,
  "wavelength_nm": 566.3189075649764,
  "constants": {
    "h": 6.62607015e-34,
    "c": 299792458.0,
    "e": 1.602176634e-19
  }
}