{
  "energy_eV": 2.1893,
  "energy_J": 3.5076453048161994e-19,
  "frequency_Hz": 529370384769651.06,
  "wavelength_nm": 566.3189075649764,
  "wavenumber_cm^-1": 17657.895342038628
}