{
  "energy_eV": 2.3393,
  "energy_J": 3.7479717999162e-19,
  "frequency_Hz": 565640223400925.0,
  "wavelength_nm": 530.0055505202422,
  "wavenumber_cm^-1": 18867.726932641013
}