{
  "rms": 1.167947280647033,
  "centroid": [
    1.0177044392397268e-16,
    -1.2476792086263663e-15,
    1.2053849981644557e-15
  ],
  "normal": [
    0.8252981247535283,
    0.08371410250231559,
    -0.5584576566943472
  ]
}