{
  "rms": 2.1554098959652932e-05,
  "centroid": [
    2.05126920740267e-15,
    -1.4380031557049646e-14,
    7.48078847545046e-16
  ],
  "normal": [
    0.05675068950281454,
    0.040963231771835695,
    -0.9975476795039736
  ]
}