{
  "rms": 1.0846561727936214e-05,
  "centroid": [
    -3.743037625879099e-15,
    6.344131569286609e-16,
    -2.445134042329214e-16
  ],
  "normal": [
    -0.02883747616248284,
    -0.005360979140858091,
    0.9995697373726504
  ]
}