{
  "rms": 0.8804784392486413,
  "centroid": [
    -2.1575061998395782e-14,
    -8.842599854955658e-15,
    0.08745447600952796
  ],
  "normal": [
    -0.3555607763376019,
    -0.043603868096317444,
    -0.9336354947286659
  ]
}