{
  "rms": 1.1679473816503707,
  "centroid": [
    2.0182268554793023e-15,
    -2.0301221021717147e-15,
    -5.075305255429287e-16
  ],
  "normal": [
    0.8251955587743044,
    0.08241947606594069,
    -0.5588016819446584
  ]
}