{
  "rms": 0.8804787354584509,
  "centroid": [
    -1.2630419586029722e-14,
    -3.1216859162989695e-15,
    0.08745447600953656
  ],
  "normal": [
    -0.4298048561576911,
    -0.6822634496088241,
    -0.5914257104245082
  ]
}